first_name,last_name,date_of_birth,address
Howard,Jones,2016-04-03,"73817 Rodriguez Point Suite 207
South Terriborough, WV 51495"
Jean,Hicks,1988-09-03,"7940 Ayala Station Apt. 458
Erikfort, OK 57974"
Anthony,Fernandez,1932-12-02,"10999 Drake Road Apt. 484
East James, ME 68589"
Lisa,Edwards,2009-11-06,"9325 Marissa Knolls
New Andrew, ID 00689"
Eric,Jordan,2020-04-10,"7968 Herman Drive
Hicksfurt, SD 02118"
Kelsey,Hernandez,1992-08-16,"5411 Rogers Avenue
Shannonmouth, TX 54088"
Lisa,Freeman,1966-03-02,"716 Combs Forks Apt. 496
Alvaradohaven, AK 56393"
Tammy,Evans,2014-02-23,"7894 Shannon Spur
Lake Catherinestad, NE 97821"
Stephanie,Ramirez,1992-03-19,"11946 Christine Green Suite 486
Karenmouth, NJ 36163"
Natalie,Estrada,1913-04-30,"391 Wells Trace Apt. 812
Thomastown, DE 08682"
Briana,Ball,1986-01-18,"4448 Fritz Parkway Apt. 608
East Stephanie, VA 65042"
Vernon,Phillips,1989-12-13,"40420 Steven Crossing
South Matthewland, SD 46619"
Patty,Griffith,1912-07-09,"191 Jonathan Prairie
Cherylberg, AR 71603"
Erica,Hood,1938-09-13,"720 Castillo Cliffs
New Yolanda, AL 45376"
Derek,Mcgee,1966-11-02,"736 Mcbride Orchard Apt. 581
Port Davidmouth, WI 71393"
David,Romero,1941-10-28,"9852 Diane Skyway Suite 031
North Keithchester, AK 46670"
Curtis,Shelton,2019-03-14,"4213 Thomas Valley Apt. 716
North Melissaside, NH 46023"
Sarah,Hess,1951-04-05,"USS Cross
FPO AE 65315"
Michael,Palmer,1968-10-12,"0928 Morse Knolls Suite 183
East Jamesstad, AR 58336"
Tiffany,Lucas,1931-01-03,"3118 Tucker Oval
Johnton, CO 54799"
Robert,Edwards,1909-04-04,"25355 Landry Bypass
Williebury, NH 16119"
Alicia,Richardson,1996-08-10,"655 Dale Forest Apt. 119
West Pamelaburgh, CT 90470"
Laura,Rodriguez,1962-01-22,"0742 Patterson Falls
Port Ronnietown, GA 94983"
Ronald,Ramirez,1917-05-27,"PSC 0237, Box 3613
APO AP 58272"
Grant,Campbell,2012-08-22,"0975 Wolfe Extension
West Pamelaside, CA 24746"
Louis,Preston,1927-08-28,"49142 Kevin Mountains Suite 626
Swansonhaven, NE 51302"
Jade,Cole,1997-06-11,"34143 Clark View
Port Brian, OR 67545"
Kristi,Gomez,2014-09-01,"PSC 2307, Box 2647
APO AA 16181"
Kathleen,Thompson,1992-01-18,"41330 Wilson Centers Suite 540
New James, SD 99750"
Scott,Jenkins,1957-04-18,"80765 Richard Stravenue Suite 732
Brownshire, MN 09520"
Renee,Hammond,2017-12-21,"0414 Joshua Expressway Apt. 914
New Josephhaven, NJ 48677"
Stephanie,Owens,1981-06-11,"783 Christopher Dam
South Megan, OK 41987"
Dominique,Contreras,2009-08-25,"97263 Marie Lodge Suite 128
West Markburgh, NJ 53781"
Gregory,Wilson,1925-05-05,"688 Russell Court
Lake Davidmouth, VA 85945"
Logan,Choi,1984-10-10,"5433 Steele Islands Suite 990
Port Joycechester, TX 46345"
Elizabeth,Delgado,1945-11-18,"7957 Spears Trail
Joanneland, MA 74202"
Abigail,Clark,1972-04-08,"8595 Terrell Loaf Apt. 870
New Ryanville, ND 64292"
Andrew,Long,1970-02-03,"016 Armstrong Creek Suite 931
Gutierrezville, CT 81599"
Todd,Simon,1946-01-04,"016 Grant Locks Apt. 155
Gambletown, AK 85829"
Kristy,Garcia,1955-03-13,"1034 Vargas Radial
North Jonathan, IA 72936"
Stephanie,Petty,2016-10-02,"38799 Black Skyway Apt. 164
Jonesview, LA 82275"
Kayla,Tran,1959-09-11,"47419 Brittany Mount Suite 348
West Carlos, SC 13266"
David,Garrett,1921-07-23,"811 Brianna Brook Apt. 351
Lake Kristina, IL 77842"
Tiffany,Beard,1920-05-13,"Unit 5977 Box 5210
DPO AA 40152"
Tina,Harrington,1923-01-04,"USNV Hampton
FPO AE 62954"
Brett,Taylor,1927-01-10,"669 Myers Flats
Rileyfort, NM 83087"
Rachel,Logan,2017-09-23,"1227 Lang Trail Suite 145
Williamsfort, HI 77554"
Kathryn,Hammond,1949-09-06,"PSC 4130, Box 2767
APO AP 12157"
Michael,Jones,1986-08-25,"1224 James Lock Apt. 824
Cervantesside, TN 58926"
Suzanne,Hunt,1953-01-01,"Unit 5998 Box 8618
DPO AP 34855"
William,Lawrence,2003-09-29,"9620 Hughes Views
Frenchberg, CO 96884"
Anthony,Mcintyre,1951-08-17,"512 Susan Mount
Gutierrezfort, MI 94261"
Vanessa,Kirk,1959-04-21,"4302 Maria Extension
Stevenschester, SC 20069"
David,Neal,1988-08-08,"57242 Holt Ferry Apt. 208
North Thomas, NV 93458"
Tracey,Hampton,1941-03-30,"005 Salazar Corner Apt. 486
Lake Madelineland, CT 96934"
John,Smith,1924-11-30,"4572 Michael Villages Apt. 542
Martinezhaven, NH 52788"
Tracey,Leblanc,1926-11-05,"PSC 9254, Box 7493
APO AE 53887"
Claudia,Williams,1978-11-10,"511 Kimberly Way Apt. 992
Bartontown, MS 93885"
Charles,Robinson,2001-09-20,"013 Klein Ways
Cathyborough, SD 36513"
Kevin,Walker,2011-08-16,"20289 Tina Lane
Joshuatown, NH 19898"
Nicholas,Carter,1980-05-26,"8292 Karen Valleys Suite 888
Garnerland, TX 80566"
Kimberly,Moore,2011-06-27,"9982 Weber Well Apt. 468
East Katherineborough, SD 48892"
Matthew,Martin,2013-07-10,"6091 Rebecca Tunnel
Davisburgh, TN 17180"
Daniel,Mathews,2006-12-22,"6929 Vaughan Bypass Apt. 571
East Sarahside, WY 43653"
Luis,Parks,1915-01-14,"681 Richard Heights
Pettyfurt, WA 94311"
Steven,Reed,1967-10-13,"601 Schneider Mission
Carterborough, MA 14874"
Denise,Evans,1910-10-18,"302 Conley Place Apt. 774
North Clifford, HI 27118"
Lindsay,Scott,2020-04-07,"1206 Julie Burg Suite 383
New Emilymouth, ID 93841"
Samantha,Davis,1942-07-17,"9789 Ronald Streets
Riveraview, GA 40522"
Andrea,Smith,1948-02-27,"070 Roberts Mountains
Simmonsborough, CO 87378"
Mike,Clarke,1908-10-02,"157 Miller Course Apt. 135
Walterville, TX 91016"
Lisa,Fox,1947-08-25,"PSC 4279, Box 3866
APO AP 63517"
Jodi,Osborne,1989-11-26,"945 Boyd Course
Nealside, WV 58026"
Laura,Allen,1961-07-21,"744 Karen Run Suite 897
Lake Christinamouth, AZ 02976"
Andrew,Graham,1957-01-08,"70411 Moore Keys
West Timothyton, GA 31712"
Sergio,Young,1948-04-18,"905 Martin Forges Suite 974
New Victoriafort, MO 40843"
Joseph,Hensley,1911-03-27,"69898 Amber Burg
South Emilyside, AZ 01368"
Jamie,Dean,1949-03-03,"Unit 7142 Box 0823
DPO AE 52497"
Adriana,Hughes,1938-02-18,"108 Adam Center Apt. 613
Port Annette, CO 84051"
Jillian,Lee,1950-05-04,"420 Young Point
North Carrie, IL 80614"
Kelly,Ho,1988-11-17,"USNS Horn
FPO AE 58074"
Jasmin,Sanchez,2004-05-07,"7829 Monica Island
South Dustin, ME 57188"
Jason,Carpenter,2006-09-13,"825 Amy Locks Suite 599
North Dennisfurt, HI 40171"
Michael,Whitney,2016-08-24,"241 Roberson Oval Suite 668
Penamouth, MD 68156"
Howard,Berry,1910-08-05,"2454 Craig Prairie
North Jessica, TX 62111"
Katrina,Palmer,2012-09-04,"876 Perry Cape
North Christina, NY 02111"
Elizabeth,Mason,1990-05-06,"9214 Aaron Valleys Suite 650
Davisborough, AK 03623"
Billy,Miller,1945-01-17,"106 Daniel Grove
Gomezmouth, AK 55968"
Stacy,Mcknight,1990-09-30,"799 Emily Rapids
Reedborough, NY 52704"
Kathleen,Jones,2000-12-24,"641 Hailey Underpass Apt. 492
Christineland, ME 17317"
Christopher,Dunlap,1938-07-11,"96569 Thomas Summit
West Melissa, ME 08552"
David,Smith,1973-03-21,"7942 Bryan Extensions
Michaelland, IA 87822"
Aaron,Perry,2003-02-11,"3209 Wayne Circles Apt. 597
New Melissaberg, MT 54801"
Maria,Blake,1964-03-18,"245 Ricardo Forge
Jameston, NE 56848"
Brooke,Ray,1978-10-01,"394 Johnson Roads
Port Jonathanbury, ND 02064"
Leah,Bauer,1995-03-15,"Unit 0798 Box 8028
DPO AE 71045"
Mary,Williams,1984-12-22,"00699 Carter Haven
Monicaview, KS 31934"
Jessica,Jackson,1930-07-25,"9766 Maria Motorway Suite 772
Victoriabury, NY 89332"
Craig,Crawford,1931-03-05,"2701 Gross Shoal
Carolyntown, NH 29639"
